date,actor,action,entity,notes
2025-10-28,Claude Code (Haiku),create-documentation,agents/CURRENT_FOCUS.md,Primary entry point for stateless agent sessions
2025-10-28,Claude Code (Haiku),create-documentation,ventures/ops-studio/venture_brief_v01.md,Pre-revenue business model for Operations Studio
2025-10-28,Claude Code (Haiku),create-documentation,ventures/ops-studio/DAILY_WORKFLOW.md,Daily workflow for pipeline building phase
2025-10-28,Claude Code (Haiku),create-documentation,ventures/ops-studio/RECOVERY_CHECKLIST.md,4-level troubleshooting for beginners
2025-10-28,Claude Code (Haiku),create-documentation,ventures/ops-studio/CODA_GITHUB_GUIDE.md,Authority split: Coda vs GitHub
2025-10-28,Claude Code (Haiku),update-documentation,agents/system_startup_checklist_v01.md,Added CURRENT_FOCUS as first step
2025-10-28,Claude Code (Haiku),update-documentation,agents/context/system_overview_v01.md,Added CURRENT_FOCUS as primary entry point; updated Operations Studio status
2025-10-29,Claude Code (Haiku),add-section,agents/AGENT_OPERATING_MANUAL_v0.1.md,Section 15: Session Shutdown Protocol (122 lines)
2025-10-29,Claude Code (Haiku),consolidate,agents/AGENT_OPERATING_MANUAL_v0.1.md,Consolidated shutdown guidance from 3 documents; established canonical 5-step checklist
2025-10-29,Claude Code (Haiku),research-and-analyze,agent-documentation,Analyzed agent session flow; clarified document hierarchy and authority
2025-10-29,Claude Code (Haiku),create-documentation,agents/context/sessions/SESSION_HANDOFF_2025-10-29_v1.md,End-of-session handoff documenting completion of agent infrastructure
2025-10-29,Claude Code (Haiku),update-documentation,agents/CURRENT_FOCUS.md,Updated date to 2025-10-29; added infrastructure completion note
